name,title,level,facing,categories,description,detail,remediation,metadata,cache_key
auth_rls_initplan,Auth RLS Initialization Plan,WARN,EXTERNAL,"[""PERFORMANCE""]",Detects if calls to \`current_setting()\` and \`auth.<function>()\` in RLS policies are being unnecessarily re-evaluated for each row,Table \`public.document_processing_logs\` has a row level security policy \`Admins can view all quiz generation logs\` that re-evaluates current_setting() or auth.<function>() for each row. This produces suboptimal query performance at scale. Resolve the issue by replacing \`auth.<function>()\` with \`(select auth.<function>())\`. See [docs](https://supabase.com/docs/guides/database/postgres/row-level-security#call-functions-with-select) for more info.,https://supabase.com/docs/guides/database/database-linter?lint=0003_auth_rls_initplan,"{""name"":""document_processing_logs"",""type"":""table"",""schema"":""public""}",auth_rls_init_plan_public_document_processing_logs_Admins can view all quiz generation logs
auth_rls_initplan,Auth RLS Initialization Plan,WARN,EXTERNAL,"[""PERFORMANCE""]",Detects if calls to \`current_setting()\` and \`auth.<function>()\` in RLS policies are being unnecessarily re-evaluated for each row,Table \`public.document_training_history\` has a row level security policy \`Admins can view all training history\` that re-evaluates current_setting() or auth.<function>() for each row. This produces suboptimal query performance at scale. Resolve the issue by replacing \`auth.<function>()\` with \`(select auth.<function>())\`. See [docs](https://supabase.com/docs/guides/database/postgres/row-level-security#call-functions-with-select) for more info.,https://supabase.com/docs/guides/database/database-linter?lint=0003_auth_rls_initplan,"{""name"":""document_training_history"",""type"":""table"",""schema"":""public""}",auth_rls_init_plan_public_document_training_history_Admins can view all training history
auth_rls_initplan,Auth RLS Initialization Plan,WARN,EXTERNAL,"[""PERFORMANCE""]",Detects if calls to \`current_setting()\` and \`auth.<function>()\` in RLS policies are being unnecessarily re-evaluated for each row,Table \`public.user_owner_access\` has a row level security policy \`Admins grant access\` that re-evaluates current_setting() or auth.<function>() for each row. This produces suboptimal query performance at scale. Resolve the issue by replacing \`auth.<function>()\` with \`(select auth.<function>())\`. See [docs](https://supabase.com/docs/guides/database/postgres/row-level-security#call-functions-with-select) for more info.,https://supabase.com/docs/guides/database/database-linter?lint=0003_auth_rls_initplan,"{""name"":""user_owner_access"",""type"":""table"",""schema"":""public""}",auth_rls_init_plan_public_user_owner_access_Admins grant access
auth_rls_initplan,Auth RLS Initialization Plan,WARN,EXTERNAL,"[""PERFORMANCE""]",Detects if calls to \`current_setting()\` and \`auth.<function>()\` in RLS policies are being unnecessarily re-evaluated for each row,Table \`public.user_owner_access\` has a row level security policy \`Admins revoke access\` that re-evaluates current_setting() or auth.<function>() for each row. This produces suboptimal query performance at scale. Resolve the issue by replacing \`auth.<function>()\` with \`(select auth.<function>())\`. See [docs](https://supabase.com/docs/guides/database/postgres/row-level-security#call-functions-with-select) for more info.,https://supabase.com/docs/guides/database/database-linter?lint=0003_auth_rls_initplan,"{""name"":""user_owner_access"",""type"":""table"",""schema"":""public""}",auth_rls_init_plan_public_user_owner_access_Admins revoke access
auth_rls_initplan,Auth RLS Initialization Plan,WARN,EXTERNAL,"[""PERFORMANCE""]",Detects if calls to \`current_setting()\` and \`auth.<function>()\` in RLS policies are being unnecessarily re-evaluated for each row,Table \`public.categories\` has a row level security policy \`Allow authenticated delete own categories\` that re-evaluates current_setting() or auth.<function>() for each row. This produces suboptimal query performance at scale. Resolve the issue by replacing \`auth.<function>()\` with \`(select auth.<function>())\`. See [docs](https://supabase.com/docs/guides/database/postgres/row-level-security#call-functions-with-select) for more info.,https://supabase.com/docs/guides/database/database-linter?lint=0003_auth_rls_initplan,"{""name"":""categories"",""type"":""table"",""schema"":""public""}",auth_rls_init_plan_public_categories_Allow authenticated delete own categories
auth_rls_initplan,Auth RLS Initialization Plan,WARN,EXTERNAL,"[""PERFORMANCE""]",Detects if calls to \`current_setting()\` and \`auth.<function>()\` in RLS policies are being unnecessarily re-evaluated for each row,Table \`public.categories\` has a row level security policy \`Allow authenticated update own categories\` that re-evaluates current_setting() or auth.<function>() for each row. This produces suboptimal query performance at scale. Resolve the issue by replacing \`auth.<function>()\` with \`(select auth.<function>())\`. See [docs](https://supabase.com/docs/guides/database/postgres/row-level-security#call-functions-with-select) for more info.,https://supabase.com/docs/guides/database/database-linter?lint=0003_auth_rls_initplan,"{""name"":""categories"",""type"":""table"",""schema"":""public""}",auth_rls_init_plan_public_categories_Allow authenticated update own categories
auth_rls_initplan,Auth RLS Initialization Plan,WARN,EXTERNAL,"[""PERFORMANCE""]",Detects if calls to \`current_setting()\` and \`auth.<function>()\` in RLS policies are being unnecessarily re-evaluated for each row,Table \`public.quiz_questions\` has a row level security policy \`Authenticated users can read quiz questions\` that re-evaluates current_setting() or auth.<function>() for each row. This produces suboptimal query performance at scale. Resolve the issue by replacing \`auth.<function>()\` with \`(select auth.<function>())\`. See [docs](https://supabase.com/docs/guides/database/postgres/row-level-security#call-functions-with-select) for more info.,https://supabase.com/docs/guides/database/database-linter?lint=0003_auth_rls_initplan,"{""name"":""quiz_questions"",""type"":""table"",""schema"":""public""}",auth_rls_init_plan_public_quiz_questions_Authenticated users can read quiz questions
auth_rls_initplan,Auth RLS Initialization Plan,WARN,EXTERNAL,"[""PERFORMANCE""]",Detects if calls to \`current_setting()\` and \`auth.<function>()\` in RLS policies are being unnecessarily re-evaluated for each row,Table \`public.quizzes\` has a row level security policy \`Authenticated users can read quizzes\` that re-evaluates current_setting() or auth.<function>() for each row. This produces suboptimal query performance at scale. Resolve the issue by replacing \`auth.<function>()\` with \`(select auth.<function>())\`. See [docs](https://supabase.com/docs/guides/database/postgres/row-level-security#call-functions-with-select) for more info.,https://supabase.com/docs/guides/database/database-linter?lint=0003_auth_rls_initplan,"{""name"":""quizzes"",""type"":""table"",""schema"":""public""}",auth_rls_init_plan_public_quizzes_Authenticated users can read quizzes
auth_rls_initplan,Auth RLS Initialization Plan,WARN,EXTERNAL,"[""PERFORMANCE""]",Detects if calls to \`current_setting()\` and \`auth.<function>()\` in RLS policies are being unnecessarily re-evaluated for each row,Table \`public.documents\` has a row level security policy \`Owner admins can delete documents\` that re-evaluates current_setting() or auth.<function>() for each row. This produces suboptimal query performance at scale. Resolve the issue by replacing \`auth.<function>()\` with \`(select auth.<function>())\`. See [docs](https://supabase.com/docs/guides/database/postgres/row-level-security#call-functions-with-select) for more info.,https://supabase.com/docs/guides/database/database-linter?lint=0003_auth_rls_initplan,"{""name"":""documents"",""type"":""table"",""schema"":""public""}",auth_rls_init_plan_public_documents_Owner admins can delete documents
auth_rls_initplan,Auth RLS Initialization Plan,WARN,EXTERNAL,"[""PERFORMANCE""]",Detects if calls to \`current_setting()\` and \`auth.<function>()\` in RLS policies are being unnecessarily re-evaluated for each row,Table \`public.documents\` has a row level security policy \`Owner admins can insert documents\` that re-evaluates current_setting() or auth.<function>() for each row. This produces suboptimal query performance at scale. Resolve the issue by replacing \`auth.<function>()\` with \`(select auth.<function>())\`. See [docs](https://supabase.com/docs/guides/database/postgres/row-level-security#call-functions-with-select) for more info.,https://supabase.com/docs/guides/database/database-linter?lint=0003_auth_rls_initplan,"{""name"":""documents"",""type"":""table"",""schema"":""public""}",auth_rls_init_plan_public_documents_Owner admins can insert documents
auth_rls_initplan,Auth RLS Initialization Plan,WARN,EXTERNAL,"[""PERFORMANCE""]",Detects if calls to \`current_setting()\` and \`auth.<function>()\` in RLS policies are being unnecessarily re-evaluated for each row,Table \`public.documents\` has a row level security policy \`Owner admins can update documents\` that re-evaluates current_setting() or auth.<function>() for each row. This produces suboptimal query performance at scale. Resolve the issue by replacing \`auth.<function>()\` with \`(select auth.<function>())\`. See [docs](https://supabase.com/docs/guides/database/postgres/row-level-security#call-functions-with-select) for more info.,https://supabase.com/docs/guides/database/database-linter?lint=0003_auth_rls_initplan,"{""name"":""documents"",""type"":""table"",""schema"":""public""}",auth_rls_init_plan_public_documents_Owner admins can update documents
auth_rls_initplan,Auth RLS Initialization Plan,WARN,EXTERNAL,"[""PERFORMANCE""]",Detects if calls to \`current_setting()\` and \`auth.<function>()\` in RLS policies are being unnecessarily re-evaluated for each row,Table \`public.user_profiles\` has a row level security policy \`Users can insert own profile\` that re-evaluates current_setting() or auth.<function>() for each row. This produces suboptimal query performance at scale. Resolve the issue by replacing \`auth.<function>()\` with \`(select auth.<function>())\`. See [docs](https://supabase.com/docs/guides/database/postgres/row-level-security#call-functions-with-select) for more info.,https://supabase.com/docs/guides/database/database-linter?lint=0003_auth_rls_initplan,"{""name"":""user_profiles"",""type"":""table"",""schema"":""public""}",auth_rls_init_plan_public_user_profiles_Users can insert own profile
auth_rls_initplan,Auth RLS Initialization Plan,WARN,EXTERNAL,"[""PERFORMANCE""]",Detects if calls to \`current_setting()\` and \`auth.<function>()\` in RLS policies are being unnecessarily re-evaluated for each row,Table \`public.user_invitations\` has a row level security policy \`Owner admins can view their invitations\` that re-evaluates current_setting() or auth.<function>() for each row. This produces suboptimal query performance at scale. Resolve the issue by replacing \`auth.<function>()\` with \`(select auth.<function>())\`. See [docs](https://supabase.com/docs/guides/database/postgres/row-level-security#call-functions-with-select) for more info.,https://supabase.com/docs/guides/database/database-linter?lint=0003_auth_rls_initplan,"{""name"":""user_invitations"",""type"":""table"",""schema"":""public""}",auth_rls_init_plan_public_user_invitations_Owner admins can view their invitations
auth_rls_initplan,Auth RLS Initialization Plan,WARN,EXTERNAL,"[""PERFORMANCE""]",Detects if calls to \`current_setting()\` and \`auth.<function>()\` in RLS policies are being unnecessarily re-evaluated for each row,Table \`public.user_owner_access\` has a row level security policy \`Owner admins read group access\` that re-evaluates current_setting() or auth.<function>() for each row. This produces suboptimal query performance at scale. Resolve the issue by replacing \`auth.<function>()\` with \`(select auth.<function>())\`. See [docs](https://supabase.com/docs/guides/database/postgres/row-level-security#call-functions-with-select) for more info.,https://supabase.com/docs/guides/database/database-linter?lint=0003_auth_rls_initplan,"{""name"":""user_owner_access"",""type"":""table"",""schema"":""public""}",auth_rls_init_plan_public_user_owner_access_Owner admins read group access
auth_rls_initplan,Auth RLS Initialization Plan,WARN,EXTERNAL,"[""PERFORMANCE""]",Detects if calls to \`current_setting()\` and \`auth.<function>()\` in RLS policies are being unnecessarily re-evaluated for each row,Table \`public.documents\` has a row level security policy \`Owner-admin-only documents require owner admin role\` that re-evaluates current_setting() or auth.<function>() for each row. This produces suboptimal query performance at scale. Resolve the issue by replacing \`auth.<function>()\` with \`(select auth.<function>())\`. See [docs](https://supabase.com/docs/guides/database/postgres/row-level-security#call-functions-with-select) for more info.,https://supabase.com/docs/guides/database/database-linter?lint=0003_auth_rls_initplan,"{""name"":""documents"",""type"":""table"",""schema"":""public""}",auth_rls_init_plan_public_documents_Owner-admin-only documents require owner admin role
auth_rls_initplan,Auth RLS Initialization Plan,WARN,EXTERNAL,"[""PERFORMANCE""]",Detects if calls to \`current_setting()\` and \`auth.<function>()\` in RLS policies are being unnecessarily re-evaluated for each row,Table \`public.documents\` has a row level security policy \`Owner-restricted documents require owner membership\` that re-evaluates current_setting() or auth.<function>() for each row. This produces suboptimal query performance at scale. Resolve the issue by replacing \`auth.<function>()\` with \`(select auth.<function>())\`. See [docs](https://supabase.com/docs/guides/database/postgres/row-level-security#call-functions-with-select) for more info.,https://supabase.com/docs/guides/database/database-linter?lint=0003_auth_rls_initplan,"{""name"":""documents"",""type"":""table"",""schema"":""public""}",auth_rls_init_plan_public_documents_Owner-restricted documents require owner membership
auth_rls_initplan,Auth RLS Initialization Plan,WARN,EXTERNAL,"[""PERFORMANCE""]",Detects if calls to \`current_setting()\` and \`auth.<function>()\` in RLS policies are being unnecessarily re-evaluated for each row,Table \`public.quizzes\` has a row level security policy \`Service role can manage quizzes\` that re-evaluates current_setting() or auth.<function>() for each row. This produces suboptimal query performance at scale. Resolve the issue by replacing \`auth.<function>()\` with \`(select auth.<function>())\`. See [docs](https://supabase.com/docs/guides/database/postgres/row-level-security#call-functions-with-select) for more info.,https://supabase.com/docs/guides/database/database-linter?lint=0003_auth_rls_initplan,"{""name"":""quizzes"",""type"":""table"",""schema"":""public""}",auth_rls_init_plan_public_quizzes_Service role can manage quizzes
auth_rls_initplan,Auth RLS Initialization Plan,WARN,EXTERNAL,"[""PERFORMANCE""]",Detects if calls to \`current_setting()\` and \`auth.<function>()\` in RLS policies are being unnecessarily re-evaluated for each row,Table \`public.quiz_attempts\` has a row level security policy \`Service role can manage attempts\` that re-evaluates current_setting() or auth.<function>() for each row. This produces suboptimal query performance at scale. Resolve the issue by replacing \`auth.<function>()\` with \`(select auth.<function>())\`. See [docs](https://supabase.com/docs/guides/database/postgres/row-level-security#call-functions-with-select) for more info.,https://supabase.com/docs/guides/database/database-linter?lint=0003_auth_rls_initplan,"{""name"":""quiz_attempts"",""type"":""table"",""schema"":""public""}",auth_rls_init_plan_public_quiz_attempts_Service role can manage attempts
auth_rls_initplan,Auth RLS Initialization Plan,WARN,EXTERNAL,"[""PERFORMANCE""]",Detects if calls to \`current_setting()\` and \`auth.<function>()\` in RLS policies are being unnecessarily re-evaluated for each row,Table \`public.user_invitations\` has a row level security policy \`Service role can manage invitations\` that re-evaluates current_setting() or auth.<function>() for each row. This produces suboptimal query performance at scale. Resolve the issue by replacing \`auth.<function>()\` with \`(select auth.<function>())\`. See [docs](https://supabase.com/docs/guides/database/postgres/row-level-security#call-functions-with-select) for more info.,https://supabase.com/docs/guides/database/database-linter?lint=0003_auth_rls_initplan,"{""name"":""user_invitations"",""type"":""table"",""schema"":""public""}",auth_rls_init_plan_public_user_invitations_Service role can manage invitations
auth_rls_initplan,Auth RLS Initialization Plan,WARN,EXTERNAL,"[""PERFORMANCE""]",Detects if calls to \`current_setting()\` and \`auth.<function>()\` in RLS policies are being unnecessarily re-evaluated for each row,Table \`public.user_profiles\` has a row level security policy \`Service role can manage profiles\` that re-evaluates current_setting() or auth.<function>() for each row. This produces suboptimal query performance at scale. Resolve the issue by replacing \`auth.<function>()\` with \`(select auth.<function>())\`. See [docs](https://supabase.com/docs/guides/database/postgres/row-level-security#call-functions-with-select) for more info.,https://supabase.com/docs/guides/database/database-linter?lint=0003_auth_rls_initplan,"{""name"":""user_profiles"",""type"":""table"",""schema"":""public""}",auth_rls_init_plan_public_user_profiles_Service role can manage profiles
auth_rls_initplan,Auth RLS Initialization Plan,WARN,EXTERNAL,"[""PERFORMANCE""]",Detects if calls to \`current_setting()\` and \`auth.<function>()\` in RLS policies are being unnecessarily re-evaluated for each row,Table \`public.quiz_questions\` has a row level security policy \`Service role can manage quiz questions\` that re-evaluates current_setting() or auth.<function>() for each row. This produces suboptimal query performance at scale. Resolve the issue by replacing \`auth.<function>()\` with \`(select auth.<function>())\`. See [docs](https://supabase.com/docs/guides/database/postgres/row-level-security#call-functions-with-select) for more info.,https://supabase.com/docs/guides/database/database-linter?lint=0003_auth_rls_initplan,"{""name"":""quiz_questions"",""type"":""table"",""schema"":""public""}",auth_rls_init_plan_public_quiz_questions_Service role can manage quiz questions
auth_rls_initplan,Auth RLS Initialization Plan,WARN,EXTERNAL,"[""PERFORMANCE""]",Detects if calls to \`current_setting()\` and \`auth.<function>()\` in RLS policies are being unnecessarily re-evaluated for each row,Table \`public.documents\` has a row level security policy \`Super admins and owner admins can view all documents\` that re-evaluates current_setting() or auth.<function>() for each row. This produces suboptimal query performance at scale. Resolve the issue by replacing \`auth.<function>()\` with \`(select auth.<function>())\`. See [docs](https://supabase.com/docs/guides/database/postgres/row-level-security#call-functions-with-select) for more info.,https://supabase.com/docs/guides/database/database-linter?lint=0003_auth_rls_initplan,"{""name"":""documents"",""type"":""table"",""schema"":""public""}",auth_rls_init_plan_public_documents_Super admins and owner admins can view all documents
auth_rls_initplan,Auth RLS Initialization Plan,WARN,EXTERNAL,"[""PERFORMANCE""]",Detects if calls to \`current_setting()\` and \`auth.<function>()\` in RLS policies are being unnecessarily re-evaluated for each row,Table \`public.user_invitations\` has a row level security policy \`Super admins can view all invitations\` that re-evaluates current_setting() or auth.<function>() for each row. This produces suboptimal query performance at scale. Resolve the issue by replacing \`auth.<function>()\` with \`(select auth.<function>())\`. See [docs](https://supabase.com/docs/guides/database/postgres/row-level-security#call-functions-with-select) for more info.,https://supabase.com/docs/guides/database/database-linter?lint=0003_auth_rls_initplan,"{""name"":""user_invitations"",""type"":""table"",""schema"":""public""}",auth_rls_init_plan_public_user_invitations_Super admins can view all invitations
auth_rls_initplan,Auth RLS Initialization Plan,WARN,EXTERNAL,"[""PERFORMANCE""]",Detects if calls to \`current_setting()\` and \`auth.<function>()\` in RLS policies are being unnecessarily re-evaluated for each row,Table \`public.user_owner_access\` has a row level security policy \`Super admins read all access\` that re-evaluates current_setting() or auth.<function>() for each row. This produces suboptimal query performance at scale. Resolve the issue by replacing \`auth.<function>()\` with \`(select auth.<function>())\`. See [docs](https://supabase.com/docs/guides/database/postgres/row-level-security#call-functions-with-select) for more info.,https://supabase.com/docs/guides/database/database-linter?lint=0003_auth_rls_initplan,"{""name"":""user_owner_access"",""type"":""table"",""schema"":""public""}",auth_rls_init_plan_public_user_owner_access_Super admins read all access
auth_rls_initplan,Auth RLS Initialization Plan,WARN,EXTERNAL,"[""PERFORMANCE""]",Detects if calls to \`current_setting()\` and \`auth.<function>()\` in RLS policies are being unnecessarily re-evaluated for each row,Table \`public.quiz_attempts\` has a row level security policy \`Users can create own attempts\` that re-evaluates current_setting() or auth.<function>() for each row. This produces suboptimal query performance at scale. Resolve the issue by replacing \`auth.<function>()\` with \`(select auth.<function>())\`. See [docs](https://supabase.com/docs/guides/database/postgres/row-level-security#call-functions-with-select) for more info.,https://supabase.com/docs/guides/database/database-linter?lint=0003_auth_rls_initplan,"{""name"":""quiz_attempts"",""type"":""table"",""schema"":""public""}",auth_rls_init_plan_public_quiz_attempts_Users can create own attempts
auth_rls_initplan,Auth RLS Initialization Plan,WARN,EXTERNAL,"[""PERFORMANCE""]",Detects if calls to \`current_setting()\` and \`auth.<function>()\` in RLS policies are being unnecessarily re-evaluated for each row,Table \`public.user_documents\` has a row level security policy \`Users can delete own documents\` that re-evaluates current_setting() or auth.<function>() for each row. This produces suboptimal query performance at scale. Resolve the issue by replacing \`auth.<function>()\` with \`(select auth.<function>())\`. See [docs](https://supabase.com/docs/guides/database/postgres/row-level-security#call-functions-with-select) for more info.,https://supabase.com/docs/guides/database/database-linter?lint=0003_auth_rls_initplan,"{""name"":""user_documents"",""type"":""table"",""schema"":""public""}",auth_rls_init_plan_public_user_documents_Users can delete own documents
auth_rls_initplan,Auth RLS Initialization Plan,WARN,EXTERNAL,"[""PERFORMANCE""]",Detects if calls to \`current_setting()\` and \`auth.<function>()\` in RLS policies are being unnecessarily re-evaluated for each row,Table \`public.user_documents\` has a row level security policy \`Users can insert own documents\` that re-evaluates current_setting() or auth.<function>() for each row. This produces suboptimal query performance at scale. Resolve the issue by replacing \`auth.<function>()\` with \`(select auth.<function>())\`. See [docs](https://supabase.com/docs/guides/database/postgres/row-level-security#call-functions-with-select) for more info.,https://supabase.com/docs/guides/database/database-linter?lint=0003_auth_rls_initplan,"{""name"":""user_documents"",""type"":""table"",""schema"":""public""}",auth_rls_init_plan_public_user_documents_Users can insert own documents
auth_rls_initplan,Auth RLS Initialization Plan,WARN,EXTERNAL,"[""PERFORMANCE""]",Detects if calls to \`current_setting()\` and \`auth.<function>()\` in RLS policies are being unnecessarily re-evaluated for each row,Table \`public.documents\` has a row level security policy \`Users can insert their own documents\` that re-evaluates current_setting() or auth.<function>() for each row. This produces suboptimal query performance at scale. Resolve the issue by replacing \`auth.<function>()\` with \`(select auth.<function>())\`. See [docs](https://supabase.com/docs/guides/database/postgres/row-level-security#call-functions-with-select) for more info.,https://supabase.com/docs/guides/database/database-linter?lint=0003_auth_rls_initplan,"{""name"":""documents"",""type"":""table"",""schema"":""public""}",auth_rls_init_plan_public_documents_Users can insert their own documents
auth_rls_initplan,Auth RLS Initialization Plan,WARN,EXTERNAL,"[""PERFORMANCE""]",Detects if calls to \`current_setting()\` and \`auth.<function>()\` in RLS policies are being unnecessarily re-evaluated for each row,Table \`public.quiz_attempts\` has a row level security policy \`Users can read own attempts\` that re-evaluates current_setting() or auth.<function>() for each row. This produces suboptimal query performance at scale. Resolve the issue by replacing \`auth.<function>()\` with \`(select auth.<function>())\`. See [docs](https://supabase.com/docs/guides/database/postgres/row-level-security#call-functions-with-select) for more info.,https://supabase.com/docs/guides/database/database-linter?lint=0003_auth_rls_initplan,"{""name"":""quiz_attempts"",""type"":""table"",""schema"":""public""}",auth_rls_init_plan_public_quiz_attempts_Users can read own attempts
auth_rls_initplan,Auth RLS Initialization Plan,WARN,EXTERNAL,"[""PERFORMANCE""]",Detects if calls to \`current_setting()\` and \`auth.<function>()\` in RLS policies are being unnecessarily re-evaluated for each row,Table \`public.user_documents\` has a row level security policy \`Users can read own documents\` that re-evaluates current_setting() or auth.<function>() for each row. This produces suboptimal query performance at scale. Resolve the issue by replacing \`auth.<function>()\` with \`(select auth.<function>())\`. See [docs](https://supabase.com/docs/guides/database/postgres/row-level-security#call-functions-with-select) for more info.,https://supabase.com/docs/guides/database/database-linter?lint=0003_auth_rls_initplan,"{""name"":""user_documents"",""type"":""table"",""schema"":""public""}",auth_rls_init_plan_public_user_documents_Users can read own documents
auth_rls_initplan,Auth RLS Initialization Plan,WARN,EXTERNAL,"[""PERFORMANCE""]",Detects if calls to \`current_setting()\` and \`auth.<function>()\` in RLS policies are being unnecessarily re-evaluated for each row,Table \`public.user_profiles\` has a row level security policy \`Users can read own profile\` that re-evaluates current_setting() or auth.<function>() for each row. This produces suboptimal query performance at scale. Resolve the issue by replacing \`auth.<function>()\` with \`(select auth.<function>())\`. See [docs](https://supabase.com/docs/guides/database/postgres/row-level-security#call-functions-with-select) for more info.,https://supabase.com/docs/guides/database/database-linter?lint=0003_auth_rls_initplan,"{""name"":""user_profiles"",""type"":""table"",""schema"":""public""}",auth_rls_init_plan_public_user_profiles_Users can read own profile
auth_rls_initplan,Auth RLS Initialization Plan,WARN,EXTERNAL,"[""PERFORMANCE""]",Detects if calls to \`current_setting()\` and \`auth.<function>()\` in RLS policies are being unnecessarily re-evaluated for each row,Table \`public.user_documents\` has a row level security policy \`Users can update own documents\` that re-evaluates current_setting() or auth.<function>() for each row. This produces suboptimal query performance at scale. Resolve the issue by replacing \`auth.<function>()\` with \`(select auth.<function>())\`. See [docs](https://supabase.com/docs/guides/database/postgres/row-level-security#call-functions-with-select) for more info.,https://supabase.com/docs/guides/database/database-linter?lint=0003_auth_rls_initplan,"{""name"":""user_documents"",""type"":""table"",""schema"":""public""}",auth_rls_init_plan_public_user_documents_Users can update own documents
auth_rls_initplan,Auth RLS Initialization Plan,WARN,EXTERNAL,"[""PERFORMANCE""]",Detects if calls to \`current_setting()\` and \`auth.<function>()\` in RLS policies are being unnecessarily re-evaluated for each row,Table \`public.user_profiles\` has a row level security policy \`Users can update own profile\` that re-evaluates current_setting() or auth.<function>() for each row. This produces suboptimal query performance at scale. Resolve the issue by replacing \`auth.<function>()\` with \`(select auth.<function>())\`. See [docs](https://supabase.com/docs/guides/database/postgres/row-level-security#call-functions-with-select) for more info.,https://supabase.com/docs/guides/database/database-linter?lint=0003_auth_rls_initplan,"{""name"":""user_profiles"",""type"":""table"",""schema"":""public""}",auth_rls_init_plan_public_user_profiles_Users can update own profile
auth_rls_initplan,Auth RLS Initialization Plan,WARN,EXTERNAL,"[""PERFORMANCE""]",Detects if calls to \`current_setting()\` and \`auth.<function>()\` in RLS policies are being unnecessarily re-evaluated for each row,Table \`public.documents\` has a row level security policy \`Users can update their own documents\` that re-evaluates current_setting() or auth.<function>() for each row. This produces suboptimal query performance at scale. Resolve the issue by replacing \`auth.<function>()\` with \`(select auth.<function>())\`. See [docs](https://supabase.com/docs/guides/database/postgres/row-level-security#call-functions-with-select) for more info.,https://supabase.com/docs/guides/database/database-linter?lint=0003_auth_rls_initplan,"{""name"":""documents"",""type"":""table"",""schema"":""public""}",auth_rls_init_plan_public_documents_Users can update their own documents
auth_rls_initplan,Auth RLS Initialization Plan,WARN,EXTERNAL,"[""PERFORMANCE""]",Detects if calls to \`current_setting()\` and \`auth.<function>()\` in RLS policies are being unnecessarily re-evaluated for each row,Table \`public.document_processing_logs\` has a row level security policy \`Users can view quiz generation logs for accessible documents\` that re-evaluates current_setting() or auth.<function>() for each row. This produces suboptimal query performance at scale. Resolve the issue by replacing \`auth.<function>()\` with \`(select auth.<function>())\`. See [docs](https://supabase.com/docs/guides/database/postgres/row-level-security#call-functions-with-select) for more info.,https://supabase.com/docs/guides/database/database-linter?lint=0003_auth_rls_initplan,"{""name"":""document_processing_logs"",""type"":""table"",""schema"":""public""}",auth_rls_init_plan_public_document_processing_logs_Users can view quiz generation logs for accessible documents
auth_rls_initplan,Auth RLS Initialization Plan,WARN,EXTERNAL,"[""PERFORMANCE""]",Detects if calls to \`current_setting()\` and \`auth.<function>()\` in RLS policies are being unnecessarily re-evaluated for each row,Table \`public.document_processing_logs\` has a row level security policy \`Users can view their own document processing logs\` that re-evaluates current_setting() or auth.<function>() for each row. This produces suboptimal query performance at scale. Resolve the issue by replacing \`auth.<function>()\` with \`(select auth.<function>())\`. See [docs](https://supabase.com/docs/guides/database/postgres/row-level-security#call-functions-with-select) for more info.,https://supabase.com/docs/guides/database/database-linter?lint=0003_auth_rls_initplan,"{""name"":""document_processing_logs"",""type"":""table"",""schema"":""public""}",auth_rls_init_plan_public_document_processing_logs_Users can view their own document processing logs
auth_rls_initplan,Auth RLS Initialization Plan,WARN,EXTERNAL,"[""PERFORMANCE""]",Detects if calls to \`current_setting()\` and \`auth.<function>()\` in RLS policies are being unnecessarily re-evaluated for each row,Table \`public.document_training_history\` has a row level security policy \`Users can view training history for accessible documents\` that re-evaluates current_setting() or auth.<function>() for each row. This produces suboptimal query performance at scale. Resolve the issue by replacing \`auth.<function>()\` with \`(select auth.<function>())\`. See [docs](https://supabase.com/docs/guides/database/postgres/row-level-security#call-functions-with-select) for more info.,https://supabase.com/docs/guides/database/database-linter?lint=0003_auth_rls_initplan,"{""name"":""document_training_history"",""type"":""table"",""schema"":""public""}",auth_rls_init_plan_public_document_training_history_Users can view training history for accessible documents
auth_rls_initplan,Auth RLS Initialization Plan,WARN,EXTERNAL,"[""PERFORMANCE""]",Detects if calls to \`current_setting()\` and \`auth.<function>()\` in RLS policies are being unnecessarily re-evaluated for each row,Table \`public.user_owner_access\` has a row level security policy \`Users read own access\` that re-evaluates current_setting() or auth.<function>() for each row. This produces suboptimal query performance at scale. Resolve the issue by replacing \`auth.<function>()\` with \`(select auth.<function>())\`. See [docs](https://supabase.com/docs/guides/database/postgres/row-level-security#call-functions-with-select) for more info.,https://supabase.com/docs/guides/database/database-linter?lint=0003_auth_rls_initplan,"{""name"":""user_owner_access"",""type"":""table"",""schema"":""public""}",auth_rls_init_plan_public_user_owner_access_Users read own access
auth_rls_initplan,Auth RLS Initialization Plan,WARN,EXTERNAL,"[""PERFORMANCE""]",Detects if calls to \`current_setting()\` and \`auth.<function>()\` in RLS policies are being unnecessarily re-evaluated for each row,Table \`public.user_roles\` has a row level security policy \`Users read own roles\` that re-evaluates current_setting() or auth.<function>() for each row. This produces suboptimal query performance at scale. Resolve the issue by replacing \`auth.<function>()\` with \`(select auth.<function>())\`. See [docs](https://supabase.com/docs/guides/database/postgres/row-level-security#call-functions-with-select) for more info.,https://supabase.com/docs/guides/database/database-linter?lint=0003_auth_rls_initplan,"{""name"":""user_roles"",""type"":""table"",""schema"":""public""}",auth_rls_init_plan_public_user_roles_Users read own roles
auth_rls_initplan,Auth RLS Initialization Plan,WARN,EXTERNAL,"[""PERFORMANCE""]",Detects if calls to \`current_setting()\` and \`auth.<function>()\` in RLS policies are being unnecessarily re-evaluated for each row,Table \`public.document_attachment_downloads\` has a row level security policy \`attachment_downloads_select_policy\` that re-evaluates current_setting() or auth.<function>() for each row. This produces suboptimal query performance at scale. Resolve the issue by replacing \`auth.<function>()\` with \`(select auth.<function>())\`. See [docs](https://supabase.com/docs/guides/database/postgres/row-level-security#call-functions-with-select) for more info.,https://supabase.com/docs/guides/database/database-linter?lint=0003_auth_rls_initplan,"{""name"":""document_attachment_downloads"",""type"":""table"",""schema"":""public""}",auth_rls_init_plan_public_document_attachment_downloads_attachment_downloads_select_policy
auth_rls_initplan,Auth RLS Initialization Plan,WARN,EXTERNAL,"[""PERFORMANCE""]",Detects if calls to \`current_setting()\` and \`auth.<function>()\` in RLS policies are being unnecessarily re-evaluated for each row,Table \`public.document_attachments\` has a row level security policy \`document_attachments_delete_policy\` that re-evaluates current_setting() or auth.<function>() for each row. This produces suboptimal query performance at scale. Resolve the issue by replacing \`auth.<function>()\` with \`(select auth.<function>())\`. See [docs](https://supabase.com/docs/guides/database/postgres/row-level-security#call-functions-with-select) for more info.,https://supabase.com/docs/guides/database/database-linter?lint=0003_auth_rls_initplan,"{""name"":""document_attachments"",""type"":""table"",""schema"":""public""}",auth_rls_init_plan_public_document_attachments_document_attachments_delete_policy
auth_rls_initplan,Auth RLS Initialization Plan,WARN,EXTERNAL,"[""PERFORMANCE""]",Detects if calls to \`current_setting()\` and \`auth.<function>()\` in RLS policies are being unnecessarily re-evaluated for each row,Table \`public.document_attachments\` has a row level security policy \`document_attachments_insert_policy\` that re-evaluates current_setting() or auth.<function>() for each row. This produces suboptimal query performance at scale. Resolve the issue by replacing \`auth.<function>()\` with \`(select auth.<function>())\`. See [docs](https://supabase.com/docs/guides/database/postgres/row-level-security#call-functions-with-select) for more info.,https://supabase.com/docs/guides/database/database-linter?lint=0003_auth_rls_initplan,"{""name"":""document_attachments"",""type"":""table"",""schema"":""public""}",auth_rls_init_plan_public_document_attachments_document_attachments_insert_policy
auth_rls_initplan,Auth RLS Initialization Plan,WARN,EXTERNAL,"[""PERFORMANCE""]",Detects if calls to \`current_setting()\` and \`auth.<function>()\` in RLS policies are being unnecessarily re-evaluated for each row,Table \`public.document_attachments\` has a row level security policy \`document_attachments_select_policy\` that re-evaluates current_setting() or auth.<function>() for each row. This produces suboptimal query performance at scale. Resolve the issue by replacing \`auth.<function>()\` with \`(select auth.<function>())\`. See [docs](https://supabase.com/docs/guides/database/postgres/row-level-security#call-functions-with-select) for more info.,https://supabase.com/docs/guides/database/database-linter?lint=0003_auth_rls_initplan,"{""name"":""document_attachments"",""type"":""table"",""schema"":""public""}",auth_rls_init_plan_public_document_attachments_document_attachments_select_policy
auth_rls_initplan,Auth RLS Initialization Plan,WARN,EXTERNAL,"[""PERFORMANCE""]",Detects if calls to \`current_setting()\` and \`auth.<function>()\` in RLS policies are being unnecessarily re-evaluated for each row,Table \`public.document_attachments\` has a row level security policy \`document_attachments_update_policy\` that re-evaluates current_setting() or auth.<function>() for each row. This produces suboptimal query performance at scale. Resolve the issue by replacing \`auth.<function>()\` with \`(select auth.<function>())\`. See [docs](https://supabase.com/docs/guides/database/postgres/row-level-security#call-functions-with-select) for more info.,https://supabase.com/docs/guides/database/database-linter?lint=0003_auth_rls_initplan,"{""name"":""document_attachments"",""type"":""table"",""schema"":""public""}",auth_rls_init_plan_public_document_attachments_document_attachments_update_policy
multiple_permissive_policies,Multiple Permissive Policies,WARN,EXTERNAL,"[""PERFORMANCE""]",Detects if multiple permissive row level security policies are present on a table for the same \`role\` and \`action\` (e.g. insert). Multiple permissive policies are suboptimal for performance as each policy must be executed for every relevant query.,"Table \`public.document_processing_logs\` has multiple permissive policies for role \`anon\` for action \`SELECT\`. Policies include \`{""Admins can view all quiz generation logs"",""Users can view quiz generation logs for accessible documents"",""Users can view their own document processing logs""}\`",https://supabase.com/docs/guides/database/database-linter?lint=0006_multiple_permissive_policies,"{""name"":""document_processing_logs"",""type"":""table"",""schema"":""public""}",multiple_permissive_policies_public_document_processing_logs_anon_SELECT
multiple_permissive_policies,Multiple Permissive Policies,WARN,EXTERNAL,"[""PERFORMANCE""]",Detects if multiple permissive row level security policies are present on a table for the same \`role\` and \`action\` (e.g. insert). Multiple permissive policies are suboptimal for performance as each policy must be executed for every relevant query.,"Table \`public.document_processing_logs\` has multiple permissive policies for role \`authenticated\` for action \`SELECT\`. Policies include \`{""Admins can view all quiz generation logs"",""Users can view quiz generation logs for accessible documents"",""Users can view their own document processing logs""}\`",https://supabase.com/docs/guides/database/database-linter?lint=0006_multiple_permissive_policies,"{""name"":""document_processing_logs"",""type"":""table"",""schema"":""public""}",multiple_permissive_policies_public_document_processing_logs_authenticated_SELECT
multiple_permissive_policies,Multiple Permissive Policies,WARN,EXTERNAL,"[""PERFORMANCE""]",Detects if multiple permissive row level security policies are present on a table for the same \`role\` and \`action\` (e.g. insert). Multiple permissive policies are suboptimal for performance as each policy must be executed for every relevant query.,"Table \`public.document_processing_logs\` has multiple permissive policies for role \`authenticator\` for action \`SELECT\`. Policies include \`{""Admins can view all quiz generation logs"",""Users can view quiz generation logs for accessible documents"",""Users can view their own document processing logs""}\`",https://supabase.com/docs/guides/database/database-linter?lint=0006_multiple_permissive_policies,"{""name"":""document_processing_logs"",""type"":""table"",""schema"":""public""}",multiple_permissive_policies_public_document_processing_logs_authenticator_SELECT
multiple_permissive_policies,Multiple Permissive Policies,WARN,EXTERNAL,"[""PERFORMANCE""]",Detects if multiple permissive row level security policies are present on a table for the same \`role\` and \`action\` (e.g. insert). Multiple permissive policies are suboptimal for performance as each policy must be executed for every relevant query.,"Table \`public.document_processing_logs\` has multiple permissive policies for role \`dashboard_user\` for action \`SELECT\`. Policies include \`{""Admins can view all quiz generation logs"",""Users can view quiz generation logs for accessible documents"",""Users can view their own document processing logs""}\`",https://supabase.com/docs/guides/database/database-linter?lint=0006_multiple_permissive_policies,"{""name"":""document_processing_logs"",""type"":""table"",""schema"":""public""}",multiple_permissive_policies_public_document_processing_logs_dashboard_user_SELECT
multiple_permissive_policies,Multiple Permissive Policies,WARN,EXTERNAL,"[""PERFORMANCE""]",Detects if multiple permissive row level security policies are present on a table for the same \`role\` and \`action\` (e.g. insert). Multiple permissive policies are suboptimal for performance as each policy must be executed for every relevant query.,"Table \`public.document_training_history\` has multiple permissive policies for role \`anon\` for action \`SELECT\`. Policies include \`{""Admins can view all training history"",""Users can view training history for accessible documents""}\`",https://supabase.com/docs/guides/database/database-linter?lint=0006_multiple_permissive_policies,"{""name"":""document_training_history"",""type"":""table"",""schema"":""public""}",multiple_permissive_policies_public_document_training_history_anon_SELECT
multiple_permissive_policies,Multiple Permissive Policies,WARN,EXTERNAL,"[""PERFORMANCE""]",Detects if multiple permissive row level security policies are present on a table for the same \`role\` and \`action\` (e.g. insert). Multiple permissive policies are suboptimal for performance as each policy must be executed for every relevant query.,"Table \`public.document_training_history\` has multiple permissive policies for role \`authenticated\` for action \`SELECT\`. Policies include \`{""Admins can view all training history"",""Users can view training history for accessible documents""}\`",https://supabase.com/docs/guides/database/database-linter?lint=0006_multiple_permissive_policies,"{""name"":""document_training_history"",""type"":""table"",""schema"":""public""}",multiple_permissive_policies_public_document_training_history_authenticated_SELECT
multiple_permissive_policies,Multiple Permissive Policies,WARN,EXTERNAL,"[""PERFORMANCE""]",Detects if multiple permissive row level security policies are present on a table for the same \`role\` and \`action\` (e.g. insert). Multiple permissive policies are suboptimal for performance as each policy must be executed for every relevant query.,"Table \`public.document_training_history\` has multiple permissive policies for role \`authenticator\` for action \`SELECT\`. Policies include \`{""Admins can view all training history"",""Users can view training history for accessible documents""}\`",https://supabase.com/docs/guides/database/database-linter?lint=0006_multiple_permissive_policies,"{""name"":""document_training_history"",""type"":""table"",""schema"":""public""}",multiple_permissive_policies_public_document_training_history_authenticator_SELECT
multiple_permissive_policies,Multiple Permissive Policies,WARN,EXTERNAL,"[""PERFORMANCE""]",Detects if multiple permissive row level security policies are present on a table for the same \`role\` and \`action\` (e.g. insert). Multiple permissive policies are suboptimal for performance as each policy must be executed for every relevant query.,"Table \`public.document_training_history\` has multiple permissive policies for role \`dashboard_user\` for action \`SELECT\`. Policies include \`{""Admins can view all training history"",""Users can view training history for accessible documents""}\`",https://supabase.com/docs/guides/database/database-linter?lint=0006_multiple_permissive_policies,"{""name"":""document_training_history"",""type"":""table"",""schema"":""public""}",multiple_permissive_policies_public_document_training_history_dashboard_user_SELECT
multiple_permissive_policies,Multiple Permissive Policies,WARN,EXTERNAL,"[""PERFORMANCE""]",Detects if multiple permissive row level security policies are present on a table for the same \`role\` and \`action\` (e.g. insert). Multiple permissive policies are suboptimal for performance as each policy must be executed for every relevant query.,"Table \`public.documents\` has multiple permissive policies for role \`authenticated\` for action \`INSERT\`. Policies include \`{""Owner admins can insert documents"",""Users can insert their own documents""}\`",https://supabase.com/docs/guides/database/database-linter?lint=0006_multiple_permissive_policies,"{""name"":""documents"",""type"":""table"",""schema"":""public""}",multiple_permissive_policies_public_documents_authenticated_INSERT
multiple_permissive_policies,Multiple Permissive Policies,WARN,EXTERNAL,"[""PERFORMANCE""]",Detects if multiple permissive row level security policies are present on a table for the same \`role\` and \`action\` (e.g. insert). Multiple permissive policies are suboptimal for performance as each policy must be executed for every relevant query.,"Table \`public.documents\` has multiple permissive policies for role \`authenticated\` for action \`SELECT\`. Policies include \`{""Owner-admin-only documents require owner admin role"",""Owner-restricted documents require owner membership"",""Public and passcode documents readable by all"",""Registered documents readable by authenticated users"",""Super admins and owner admins can view all documents""}\`",https://supabase.com/docs/guides/database/database-linter?lint=0006_multiple_permissive_policies,"{""name"":""documents"",""type"":""table"",""schema"":""public""}",multiple_permissive_policies_public_documents_authenticated_SELECT
multiple_permissive_policies,Multiple Permissive Policies,WARN,EXTERNAL,"[""PERFORMANCE""]",Detects if multiple permissive row level security policies are present on a table for the same \`role\` and \`action\` (e.g. insert). Multiple permissive policies are suboptimal for performance as each policy must be executed for every relevant query.,"Table \`public.documents\` has multiple permissive policies for role \`authenticated\` for action \`UPDATE\`. Policies include \`{""Owner admins can update documents"",""Users can update their own documents""}\`",https://supabase.com/docs/guides/database/database-linter?lint=0006_multiple_permissive_policies,"{""name"":""documents"",""type"":""table"",""schema"":""public""}",multiple_permissive_policies_public_documents_authenticated_UPDATE
multiple_permissive_policies,Multiple Permissive Policies,WARN,EXTERNAL,"[""PERFORMANCE""]",Detects if multiple permissive row level security policies are present on a table for the same \`role\` and \`action\` (e.g. insert). Multiple permissive policies are suboptimal for performance as each policy must be executed for every relevant query.,"Table \`public.owners\` has multiple permissive policies for role \`anon\` for action \`SELECT\`. Policies include \`{""Allow anonymous read owners"",""Read owners for active documents"",""Super admins manage owners"",""Super admins read all owners""}\`",https://supabase.com/docs/guides/database/database-linter?lint=0006_multiple_permissive_policies,"{""name"":""owners"",""type"":""table"",""schema"":""public""}",multiple_permissive_policies_public_owners_anon_SELECT
multiple_permissive_policies,Multiple Permissive Policies,WARN,EXTERNAL,"[""PERFORMANCE""]",Detects if multiple permissive row level security policies are present on a table for the same \`role\` and \`action\` (e.g. insert). Multiple permissive policies are suboptimal for performance as each policy must be executed for every relevant query.,"Table \`public.owners\` has multiple permissive policies for role \`authenticated\` for action \`INSERT\`. Policies include \`{""Allow authenticated insert owners"",""Super admins manage owners""}\`",https://supabase.com/docs/guides/database/database-linter?lint=0006_multiple_permissive_policies,"{""name"":""owners"",""type"":""table"",""schema"":""public""}",multiple_permissive_policies_public_owners_authenticated_INSERT
multiple_permissive_policies,Multiple Permissive Policies,WARN,EXTERNAL,"[""PERFORMANCE""]",Detects if multiple permissive row level security policies are present on a table for the same \`role\` and \`action\` (e.g. insert). Multiple permissive policies are suboptimal for performance as each policy must be executed for every relevant query.,"Table \`public.owners\` has multiple permissive policies for role \`authenticated\` for action \`SELECT\`. Policies include \`{""Read owners for active documents"",""Super admins manage owners"",""Super admins read all owners""}\`",https://supabase.com/docs/guides/database/database-linter?lint=0006_multiple_permissive_policies,"{""name"":""owners"",""type"":""table"",""schema"":""public""}",multiple_permissive_policies_public_owners_authenticated_SELECT
multiple_permissive_policies,Multiple Permissive Policies,WARN,EXTERNAL,"[""PERFORMANCE""]",Detects if multiple permissive row level security policies are present on a table for the same \`role\` and \`action\` (e.g. insert). Multiple permissive policies are suboptimal for performance as each policy must be executed for every relevant query.,"Table \`public.owners\` has multiple permissive policies for role \`authenticated\` for action \`UPDATE\`. Policies include \`{""Allow authenticated update owners"",""Super admins manage owners""}\`",https://supabase.com/docs/guides/database/database-linter?lint=0006_multiple_permissive_policies,"{""name"":""owners"",""type"":""table"",""schema"":""public""}",multiple_permissive_policies_public_owners_authenticated_UPDATE
multiple_permissive_policies,Multiple Permissive Policies,WARN,EXTERNAL,"[""PERFORMANCE""]",Detects if multiple permissive row level security policies are present on a table for the same \`role\` and \`action\` (e.g. insert). Multiple permissive policies are suboptimal for performance as each policy must be executed for every relevant query.,"Table \`public.owners\` has multiple permissive policies for role \`authenticator\` for action \`SELECT\`. Policies include \`{""Read owners for active documents"",""Super admins manage owners"",""Super admins read all owners""}\`",https://supabase.com/docs/guides/database/database-linter?lint=0006_multiple_permissive_policies,"{""name"":""owners"",""type"":""table"",""schema"":""public""}",multiple_permissive_policies_public_owners_authenticator_SELECT
multiple_permissive_policies,Multiple Permissive Policies,WARN,EXTERNAL,"[""PERFORMANCE""]",Detects if multiple permissive row level security policies are present on a table for the same \`role\` and \`action\` (e.g. insert). Multiple permissive policies are suboptimal for performance as each policy must be executed for every relevant query.,"Table \`public.owners\` has multiple permissive policies for role \`dashboard_user\` for action \`SELECT\`. Policies include \`{""Read owners for active documents"",""Super admins manage owners"",""Super admins read all owners""}\`",https://supabase.com/docs/guides/database/database-linter?lint=0006_multiple_permissive_policies,"{""name"":""owners"",""type"":""table"",""schema"":""public""}",multiple_permissive_policies_public_owners_dashboard_user_SELECT
multiple_permissive_policies,Multiple Permissive Policies,WARN,EXTERNAL,"[""PERFORMANCE""]",Detects if multiple permissive row level security policies are present on a table for the same \`role\` and \`action\` (e.g. insert). Multiple permissive policies are suboptimal for performance as each policy must be executed for every relevant query.,"Table \`public.quiz_attempts\` has multiple permissive policies for role \`anon\` for action \`INSERT\`. Policies include \`{""Service role can manage attempts"",""Users can create own attempts""}\`",https://supabase.com/docs/guides/database/database-linter?lint=0006_multiple_permissive_policies,"{""name"":""quiz_attempts"",""type"":""table"",""schema"":""public""}",multiple_permissive_policies_public_quiz_attempts_anon_INSERT
multiple_permissive_policies,Multiple Permissive Policies,WARN,EXTERNAL,"[""PERFORMANCE""]",Detects if multiple permissive row level security policies are present on a table for the same \`role\` and \`action\` (e.g. insert). Multiple permissive policies are suboptimal for performance as each policy must be executed for every relevant query.,"Table \`public.quiz_attempts\` has multiple permissive policies for role \`anon\` for action \`SELECT\`. Policies include \`{""Service role can manage attempts"",""Users can read own attempts""}\`",https://supabase.com/docs/guides/database/database-linter?lint=0006_multiple_permissive_policies,"{""name"":""quiz_attempts"",""type"":""table"",""schema"":""public""}",multiple_permissive_policies_public_quiz_attempts_anon_SELECT
multiple_permissive_policies,Multiple Permissive Policies,WARN,EXTERNAL,"[""PERFORMANCE""]",Detects if multiple permissive row level security policies are present on a table for the same \`role\` and \`action\` (e.g. insert). Multiple permissive policies are suboptimal for performance as each policy must be executed for every relevant query.,"Table \`public.quiz_attempts\` has multiple permissive policies for role \`authenticated\` for action \`INSERT\`. Policies include \`{""Service role can manage attempts"",""Users can create own attempts""}\`",https://supabase.com/docs/guides/database/database-linter?lint=0006_multiple_permissive_policies,"{""name"":""quiz_attempts"",""type"":""table"",""schema"":""public""}",multiple_permissive_policies_public_quiz_attempts_authenticated_INSERT
multiple_permissive_policies,Multiple Permissive Policies,WARN,EXTERNAL,"[""PERFORMANCE""]",Detects if multiple permissive row level security policies are present on a table for the same \`role\` and \`action\` (e.g. insert). Multiple permissive policies are suboptimal for performance as each policy must be executed for every relevant query.,"Table \`public.quiz_attempts\` has multiple permissive policies for role \`authenticated\` for action \`SELECT\`. Policies include \`{""Service role can manage attempts"",""Users can read own attempts""}\`",https://supabase.com/docs/guides/database/database-linter?lint=0006_multiple_permissive_policies,"{""name"":""quiz_attempts"",""type"":""table"",""schema"":""public""}",multiple_permissive_policies_public_quiz_attempts_authenticated_SELECT
multiple_permissive_policies,Multiple Permissive Policies,WARN,EXTERNAL,"[""PERFORMANCE""]",Detects if multiple permissive row level security policies are present on a table for the same \`role\` and \`action\` (e.g. insert). Multiple permissive policies are suboptimal for performance as each policy must be executed for every relevant query.,"Table \`public.quiz_attempts\` has multiple permissive policies for role \`authenticator\` for action \`INSERT\`. Policies include \`{""Service role can manage attempts"",""Users can create own attempts""}\`",https://supabase.com/docs/guides/database/database-linter?lint=0006_multiple_permissive_policies,"{""name"":""quiz_attempts"",""type"":""table"",""schema"":""public""}",multiple_permissive_policies_public_quiz_attempts_authenticator_INSERT
multiple_permissive_policies,Multiple Permissive Policies,WARN,EXTERNAL,"[""PERFORMANCE""]",Detects if multiple permissive row level security policies are present on a table for the same \`role\` and \`action\` (e.g. insert). Multiple permissive policies are suboptimal for performance as each policy must be executed for every relevant query.,"Table \`public.quiz_attempts\` has multiple permissive policies for role \`authenticator\` for action \`SELECT\`. Policies include \`{""Service role can manage attempts"",""Users can read own attempts""}\`",https://supabase.com/docs/guides/database/database-linter?lint=0006_multiple_permissive_policies,"{""name"":""quiz_attempts"",""type"":""table"",""schema"":""public""}",multiple_permissive_policies_public_quiz_attempts_authenticator_SELECT
multiple_permissive_policies,Multiple Permissive Policies,WARN,EXTERNAL,"[""PERFORMANCE""]",Detects if multiple permissive row level security policies are present on a table for the same \`role\` and \`action\` (e.g. insert). Multiple permissive policies are suboptimal for performance as each policy must be executed for every relevant query.,"Table \`public.quiz_attempts\` has multiple permissive policies for role \`dashboard_user\` for action \`INSERT\`. Policies include \`{""Service role can manage attempts"",""Users can create own attempts""}\`",https://supabase.com/docs/guides/database/database-linter?lint=0006_multiple_permissive_policies,"{""name"":""quiz_attempts"",""type"":""table"",""schema"":""public""}",multiple_permissive_policies_public_quiz_attempts_dashboard_user_INSERT
multiple_permissive_policies,Multiple Permissive Policies,WARN,EXTERNAL,"[""PERFORMANCE""]",Detects if multiple permissive row level security policies are present on a table for the same \`role\` and \`action\` (e.g. insert). Multiple permissive policies are suboptimal for performance as each policy must be executed for every relevant query.,"Table \`public.quiz_attempts\` has multiple permissive policies for role \`dashboard_user\` for action \`SELECT\`. Policies include \`{""Service role can manage attempts"",""Users can read own attempts""}\`",https://supabase.com/docs/guides/database/database-linter?lint=0006_multiple_permissive_policies,"{""name"":""quiz_attempts"",""type"":""table"",""schema"":""public""}",multiple_permissive_policies_public_quiz_attempts_dashboard_user_SELECT
multiple_permissive_policies,Multiple Permissive Policies,WARN,EXTERNAL,"[""PERFORMANCE""]",Detects if multiple permissive row level security policies are present on a table for the same \`role\` and \`action\` (e.g. insert). Multiple permissive policies are suboptimal for performance as each policy must be executed for every relevant query.,"Table \`public.quiz_questions\` has multiple permissive policies for role \`anon\` for action \`SELECT\`. Policies include \`{""Authenticated users can read quiz questions"",""Service role can manage quiz questions""}\`",https://supabase.com/docs/guides/database/database-linter?lint=0006_multiple_permissive_policies,"{""name"":""quiz_questions"",""type"":""table"",""schema"":""public""}",multiple_permissive_policies_public_quiz_questions_anon_SELECT
multiple_permissive_policies,Multiple Permissive Policies,WARN,EXTERNAL,"[""PERFORMANCE""]",Detects if multiple permissive row level security policies are present on a table for the same \`role\` and \`action\` (e.g. insert). Multiple permissive policies are suboptimal for performance as each policy must be executed for every relevant query.,"Table \`public.quiz_questions\` has multiple permissive policies for role \`authenticated\` for action \`SELECT\`. Policies include \`{""Authenticated users can read quiz questions"",""Service role can manage quiz questions""}\`",https://supabase.com/docs/guides/database/database-linter?lint=0006_multiple_permissive_policies,"{""name"":""quiz_questions"",""type"":""table"",""schema"":""public""}",multiple_permissive_policies_public_quiz_questions_authenticated_SELECT
multiple_permissive_policies,Multiple Permissive Policies,WARN,EXTERNAL,"[""PERFORMANCE""]",Detects if multiple permissive row level security policies are present on a table for the same \`role\` and \`action\` (e.g. insert). Multiple permissive policies are suboptimal for performance as each policy must be executed for every relevant query.,"Table \`public.quiz_questions\` has multiple permissive policies for role \`authenticator\` for action \`SELECT\`. Policies include \`{""Authenticated users can read quiz questions"",""Service role can manage quiz questions""}\`",https://supabase.com/docs/guides/database/database-linter?lint=0006_multiple_permissive_policies,"{""name"":""quiz_questions"",""type"":""table"",""schema"":""public""}",multiple_permissive_policies_public_quiz_questions_authenticator_SELECT
multiple_permissive_policies,Multiple Permissive Policies,WARN,EXTERNAL,"[""PERFORMANCE""]",Detects if multiple permissive row level security policies are present on a table for the same \`role\` and \`action\` (e.g. insert). Multiple permissive policies are suboptimal for performance as each policy must be executed for every relevant query.,"Table \`public.quiz_questions\` has multiple permissive policies for role \`dashboard_user\` for action \`SELECT\`. Policies include \`{""Authenticated users can read quiz questions"",""Service role can manage quiz questions""}\`",https://supabase.com/docs/guides/database/database-linter?lint=0006_multiple_permissive_policies,"{""name"":""quiz_questions"",""type"":""table"",""schema"":""public""}",multiple_permissive_policies_public_quiz_questions_dashboard_user_SELECT
multiple_permissive_policies,Multiple Permissive Policies,WARN,EXTERNAL,"[""PERFORMANCE""]",Detects if multiple permissive row level security policies are present on a table for the same \`role\` and \`action\` (e.g. insert). Multiple permissive policies are suboptimal for performance as each policy must be executed for every relevant query.,"Table \`public.quizzes\` has multiple permissive policies for role \`anon\` for action \`SELECT\`. Policies include \`{""Authenticated users can read quizzes"",""Service role can manage quizzes""}\`",https://supabase.com/docs/guides/database/database-linter?lint=0006_multiple_permissive_policies,"{""name"":""quizzes"",""type"":""table"",""schema"":""public""}",multiple_permissive_policies_public_quizzes_anon_SELECT
multiple_permissive_policies,Multiple Permissive Policies,WARN,EXTERNAL,"[""PERFORMANCE""]",Detects if multiple permissive row level security policies are present on a table for the same \`role\` and \`action\` (e.g. insert). Multiple permissive policies are suboptimal for performance as each policy must be executed for every relevant query.,"Table \`public.quizzes\` has multiple permissive policies for role \`authenticated\` for action \`SELECT\`. Policies include \`{""Authenticated users can read quizzes"",""Service role can manage quizzes""}\`",https://supabase.com/docs/guides/database/database-linter?lint=0006_multiple_permissive_policies,"{""name"":""quizzes"",""type"":""table"",""schema"":""public""}",multiple_permissive_policies_public_quizzes_authenticated_SELECT
multiple_permissive_policies,Multiple Permissive Policies,WARN,EXTERNAL,"[""PERFORMANCE""]",Detects if multiple permissive row level security policies are present on a table for the same \`role\` and \`action\` (e.g. insert). Multiple permissive policies are suboptimal for performance as each policy must be executed for every relevant query.,"Table \`public.quizzes\` has multiple permissive policies for role \`authenticator\` for action \`SELECT\`. Policies include \`{""Authenticated users can read quizzes"",""Service role can manage quizzes""}\`",https://supabase.com/docs/guides/database/database-linter?lint=0006_multiple_permissive_policies,"{""name"":""quizzes"",""type"":""table"",""schema"":""public""}",multiple_permissive_policies_public_quizzes_authenticator_SELECT
multiple_permissive_policies,Multiple Permissive Policies,WARN,EXTERNAL,"[""PERFORMANCE""]",Detects if multiple permissive row level security policies are present on a table for the same \`role\` and \`action\` (e.g. insert). Multiple permissive policies are suboptimal for performance as each policy must be executed for every relevant query.,"Table \`public.quizzes\` has multiple permissive policies for role \`dashboard_user\` for action \`SELECT\`. Policies include \`{""Authenticated users can read quizzes"",""Service role can manage quizzes""}\`",https://supabase.com/docs/guides/database/database-linter?lint=0006_multiple_permissive_policies,"{""name"":""quizzes"",""type"":""table"",""schema"":""public""}",multiple_permissive_policies_public_quizzes_dashboard_user_SELECT
multiple_permissive_policies,Multiple Permissive Policies,WARN,EXTERNAL,"[""PERFORMANCE""]",Detects if multiple permissive row level security policies are present on a table for the same \`role\` and \`action\` (e.g. insert). Multiple permissive policies are suboptimal for performance as each policy must be executed for every relevant query.,"Table \`public.user_invitations\` has multiple permissive policies for role \`anon\` for action \`SELECT\`. Policies include \`{""Owner admins can view their invitations"",""Service role can manage invitations"",""Super admins can view all invitations""}\`",https://supabase.com/docs/guides/database/database-linter?lint=0006_multiple_permissive_policies,"{""name"":""user_invitations"",""type"":""table"",""schema"":""public""}",multiple_permissive_policies_public_user_invitations_anon_SELECT
multiple_permissive_policies,Multiple Permissive Policies,WARN,EXTERNAL,"[""PERFORMANCE""]",Detects if multiple permissive row level security policies are present on a table for the same \`role\` and \`action\` (e.g. insert). Multiple permissive policies are suboptimal for performance as each policy must be executed for every relevant query.,"Table \`public.user_invitations\` has multiple permissive policies for role \`authenticated\` for action \`SELECT\`. Policies include \`{""Owner admins can view their invitations"",""Service role can manage invitations"",""Super admins can view all invitations""}\`",https://supabase.com/docs/guides/database/database-linter?lint=0006_multiple_permissive_policies,"{""name"":""user_invitations"",""type"":""table"",""schema"":""public""}",multiple_permissive_policies_public_user_invitations_authenticated_SELECT
multiple_permissive_policies,Multiple Permissive Policies,WARN,EXTERNAL,"[""PERFORMANCE""]",Detects if multiple permissive row level security policies are present on a table for the same \`role\` and \`action\` (e.g. insert). Multiple permissive policies are suboptimal for performance as each policy must be executed for every relevant query.,"Table \`public.user_invitations\` has multiple permissive policies for role \`authenticator\` for action \`SELECT\`. Policies include \`{""Owner admins can view their invitations"",""Service role can manage invitations"",""Super admins can view all invitations""}\`",https://supabase.com/docs/guides/database/database-linter?lint=0006_multiple_permissive_policies,"{""name"":""user_invitations"",""type"":""table"",""schema"":""public""}",multiple_permissive_policies_public_user_invitations_authenticator_SELECT
multiple_permissive_policies,Multiple Permissive Policies,WARN,EXTERNAL,"[""PERFORMANCE""]",Detects if multiple permissive row level security policies are present on a table for the same \`role\` and \`action\` (e.g. insert). Multiple permissive policies are suboptimal for performance as each policy must be executed for every relevant query.,"Table \`public.user_invitations\` has multiple permissive policies for role \`dashboard_user\` for action \`SELECT\`. Policies include \`{""Owner admins can view their invitations"",""Service role can manage invitations"",""Super admins can view all invitations""}\`",https://supabase.com/docs/guides/database/database-linter?lint=0006_multiple_permissive_policies,"{""name"":""user_invitations"",""type"":""table"",""schema"":""public""}",multiple_permissive_policies_public_user_invitations_dashboard_user_SELECT
multiple_permissive_policies,Multiple Permissive Policies,WARN,EXTERNAL,"[""PERFORMANCE""]",Detects if multiple permissive row level security policies are present on a table for the same \`role\` and \`action\` (e.g. insert). Multiple permissive policies are suboptimal for performance as each policy must be executed for every relevant query.,"Table \`public.user_owner_access\` has multiple permissive policies for role \`anon\` for action \`SELECT\`. Policies include \`{""Owner admins read group access"",""Super admins read all access"",""Users read own access""}\`",https://supabase.com/docs/guides/database/database-linter?lint=0006_multiple_permissive_policies,"{""name"":""user_owner_access"",""type"":""table"",""schema"":""public""}",multiple_permissive_policies_public_user_owner_access_anon_SELECT
multiple_permissive_policies,Multiple Permissive Policies,WARN,EXTERNAL,"[""PERFORMANCE""]",Detects if multiple permissive row level security policies are present on a table for the same \`role\` and \`action\` (e.g. insert). Multiple permissive policies are suboptimal for performance as each policy must be executed for every relevant query.,"Table \`public.user_owner_access\` has multiple permissive policies for role \`authenticated\` for action \`SELECT\`. Policies include \`{""Owner admins read group access"",""Super admins read all access"",""Users read own access""}\`",https://supabase.com/docs/guides/database/database-linter?lint=0006_multiple_permissive_policies,"{""name"":""user_owner_access"",""type"":""table"",""schema"":""public""}",multiple_permissive_policies_public_user_owner_access_authenticated_SELECT
multiple_permissive_policies,Multiple Permissive Policies,WARN,EXTERNAL,"[""PERFORMANCE""]",Detects if multiple permissive row level security policies are present on a table for the same \`role\` and \`action\` (e.g. insert). Multiple permissive policies are suboptimal for performance as each policy must be executed for every relevant query.,"Table \`public.user_owner_access\` has multiple permissive policies for role \`authenticator\` for action \`SELECT\`. Policies include \`{""Owner admins read group access"",""Super admins read all access"",""Users read own access""}\`",https://supabase.com/docs/guides/database/database-linter?lint=0006_multiple_permissive_policies,"{""name"":""user_owner_access"",""type"":""table"",""schema"":""public""}",multiple_permissive_policies_public_user_owner_access_authenticator_SELECT
multiple_permissive_policies,Multiple Permissive Policies,WARN,EXTERNAL,"[""PERFORMANCE""]",Detects if multiple permissive row level security policies are present on a table for the same \`role\` and \`action\` (e.g. insert). Multiple permissive policies are suboptimal for performance as each policy must be executed for every relevant query.,"Table \`public.user_owner_access\` has multiple permissive policies for role \`dashboard_user\` for action \`SELECT\`. Policies include \`{""Owner admins read group access"",""Super admins read all access"",""Users read own access""}\`",https://supabase.com/docs/guides/database/database-linter?lint=0006_multiple_permissive_policies,"{""name"":""user_owner_access"",""type"":""table"",""schema"":""public""}",multiple_permissive_policies_public_user_owner_access_dashboard_user_SELECT
multiple_permissive_policies,Multiple Permissive Policies,WARN,EXTERNAL,"[""PERFORMANCE""]",Detects if multiple permissive row level security policies are present on a table for the same \`role\` and \`action\` (e.g. insert). Multiple permissive policies are suboptimal for performance as each policy must be executed for every relevant query.,"Table \`public.user_profiles\` has multiple permissive policies for role \`anon\` for action \`INSERT\`. Policies include \`{""Service role can manage profiles"",""Users can insert own profile""}\`",https://supabase.com/docs/guides/database/database-linter?lint=0006_multiple_permissive_policies,"{""name"":""user_profiles"",""type"":""table"",""schema"":""public""}",multiple_permissive_policies_public_user_profiles_anon_INSERT
multiple_permissive_policies,Multiple Permissive Policies,WARN,EXTERNAL,"[""PERFORMANCE""]",Detects if multiple permissive row level security policies are present on a table for the same \`role\` and \`action\` (e.g. insert). Multiple permissive policies are suboptimal for performance as each policy must be executed for every relevant query.,"Table \`public.user_profiles\` has multiple permissive policies for role \`anon\` for action \`SELECT\`. Policies include \`{""Service role can manage profiles"",""Users can read own profile""}\`",https://supabase.com/docs/guides/database/database-linter?lint=0006_multiple_permissive_policies,"{""name"":""user_profiles"",""type"":""table"",""schema"":""public""}",multiple_permissive_policies_public_user_profiles_anon_SELECT
multiple_permissive_policies,Multiple Permissive Policies,WARN,EXTERNAL,"[""PERFORMANCE""]",Detects if multiple permissive row level security policies are present on a table for the same \`role\` and \`action\` (e.g. insert). Multiple permissive policies are suboptimal for performance as each policy must be executed for every relevant query.,"Table \`public.user_profiles\` has multiple permissive policies for role \`anon\` for action \`UPDATE\`. Policies include \`{""Service role can manage profiles"",""Users can update own profile""}\`",https://supabase.com/docs/guides/database/database-linter?lint=0006_multiple_permissive_policies,"{""name"":""user_profiles"",""type"":""table"",""schema"":""public""}",multiple_permissive_policies_public_user_profiles_anon_UPDATE
multiple_permissive_policies,Multiple Permissive Policies,WARN,EXTERNAL,"[""PERFORMANCE""]",Detects if multiple permissive row level security policies are present on a table for the same \`role\` and \`action\` (e.g. insert). Multiple permissive policies are suboptimal for performance as each policy must be executed for every relevant query.,"Table \`public.user_profiles\` has multiple permissive policies for role \`authenticated\` for action \`INSERT\`. Policies include \`{""Service role can manage profiles"",""Users can insert own profile""}\`",https://supabase.com/docs/guides/database/database-linter?lint=0006_multiple_permissive_policies,"{""name"":""user_profiles"",""type"":""table"",""schema"":""public""}",multiple_permissive_policies_public_user_profiles_authenticated_INSERT
multiple_permissive_policies,Multiple Permissive Policies,WARN,EXTERNAL,"[""PERFORMANCE""]",Detects if multiple permissive row level security policies are present on a table for the same \`role\` and \`action\` (e.g. insert). Multiple permissive policies are suboptimal for performance as each policy must be executed for every relevant query.,"Table \`public.user_profiles\` has multiple permissive policies for role \`authenticated\` for action \`SELECT\`. Policies include \`{""Service role can manage profiles"",""Users can read own profile""}\`",https://supabase.com/docs/guides/database/database-linter?lint=0006_multiple_permissive_policies,"{""name"":""user_profiles"",""type"":""table"",""schema"":""public""}",multiple_permissive_policies_public_user_profiles_authenticated_SELECT
multiple_permissive_policies,Multiple Permissive Policies,WARN,EXTERNAL,"[""PERFORMANCE""]",Detects if multiple permissive row level security policies are present on a table for the same \`role\` and \`action\` (e.g. insert). Multiple permissive policies are suboptimal for performance as each policy must be executed for every relevant query.,"Table \`public.user_profiles\` has multiple permissive policies for role \`authenticated\` for action \`UPDATE\`. Policies include \`{""Service role can manage profiles"",""Users can update own profile""}\`",https://supabase.com/docs/guides/database/database-linter?lint=0006_multiple_permissive_policies,"{""name"":""user_profiles"",""type"":""table"",""schema"":""public""}",multiple_permissive_policies_public_user_profiles_authenticated_UPDATE
multiple_permissive_policies,Multiple Permissive Policies,WARN,EXTERNAL,"[""PERFORMANCE""]",Detects if multiple permissive row level security policies are present on a table for the same \`role\` and \`action\` (e.g. insert). Multiple permissive policies are suboptimal for performance as each policy must be executed for every relevant query.,"Table \`public.user_profiles\` has multiple permissive policies for role \`authenticator\` for action \`INSERT\`. Policies include \`{""Service role can manage profiles"",""Users can insert own profile""}\`",https://supabase.com/docs/guides/database/database-linter?lint=0006_multiple_permissive_policies,"{""name"":""user_profiles"",""type"":""table"",""schema"":""public""}",multiple_permissive_policies_public_user_profiles_authenticator_INSERT
multiple_permissive_policies,Multiple Permissive Policies,WARN,EXTERNAL,"[""PERFORMANCE""]",Detects if multiple permissive row level security policies are present on a table for the same \`role\` and \`action\` (e.g. insert). Multiple permissive policies are suboptimal for performance as each policy must be executed for every relevant query.,"Table \`public.user_profiles\` has multiple permissive policies for role \`authenticator\` for action \`SELECT\`. Policies include \`{""Service role can manage profiles"",""Users can read own profile""}\`",https://supabase.com/docs/guides/database/database-linter?lint=0006_multiple_permissive_policies,"{""name"":""user_profiles"",""type"":""table"",""schema"":""public""}",multiple_permissive_policies_public_user_profiles_authenticator_SELECT
multiple_permissive_policies,Multiple Permissive Policies,WARN,EXTERNAL,"[""PERFORMANCE""]",Detects if multiple permissive row level security policies are present on a table for the same \`role\` and \`action\` (e.g. insert). Multiple permissive policies are suboptimal for performance as each policy must be executed for every relevant query.,"Table \`public.user_profiles\` has multiple permissive policies for role \`authenticator\` for action \`UPDATE\`. Policies include \`{""Service role can manage profiles"",""Users can update own profile""}\`",https://supabase.com/docs/guides/database/database-linter?lint=0006_multiple_permissive_policies,"{""name"":""user_profiles"",""type"":""table"",""schema"":""public""}",multiple_permissive_policies_public_user_profiles_authenticator_UPDATE
multiple_permissive_policies,Multiple Permissive Policies,WARN,EXTERNAL,"[""PERFORMANCE""]",Detects if multiple permissive row level security policies are present on a table for the same \`role\` and \`action\` (e.g. insert). Multiple permissive policies are suboptimal for performance as each policy must be executed for every relevant query.,"Table \`public.user_profiles\` has multiple permissive policies for role \`dashboard_user\` for action \`INSERT\`. Policies include \`{""Service role can manage profiles"",""Users can insert own profile""}\`",https://supabase.com/docs/guides/database/database-linter?lint=0006_multiple_permissive_policies,"{""name"":""user_profiles"",""type"":""table"",""schema"":""public""}",multiple_permissive_policies_public_user_profiles_dashboard_user_INSERT
multiple_permissive_policies,Multiple Permissive Policies,WARN,EXTERNAL,"[""PERFORMANCE""]",Detects if multiple permissive row level security policies are present on a table for the same \`role\` and \`action\` (e.g. insert). Multiple permissive policies are suboptimal for performance as each policy must be executed for every relevant query.,"Table \`public.user_profiles\` has multiple permissive policies for role \`dashboard_user\` for action \`SELECT\`. Policies include \`{""Service role can manage profiles"",""Users can read own profile""}\`",https://supabase.com/docs/guides/database/database-linter?lint=0006_multiple_permissive_policies,"{""name"":""user_profiles"",""type"":""table"",""schema"":""public""}",multiple_permissive_policies_public_user_profiles_dashboard_user_SELECT
multiple_permissive_policies,Multiple Permissive Policies,WARN,EXTERNAL,"[""PERFORMANCE""]",Detects if multiple permissive row level security policies are present on a table for the same \`role\` and \`action\` (e.g. insert). Multiple permissive policies are suboptimal for performance as each policy must be executed for every relevant query.,"Table \`public.user_profiles\` has multiple permissive policies for role \`dashboard_user\` for action \`UPDATE\`. Policies include \`{""Service role can manage profiles"",""Users can update own profile""}\`",https://supabase.com/docs/guides/database/database-linter?lint=0006_multiple_permissive_policies,"{""name"":""user_profiles"",""type"":""table"",""schema"":""public""}",multiple_permissive_policies_public_user_profiles_dashboard_user_UPDATE
multiple_permissive_policies,Multiple Permissive Policies,WARN,EXTERNAL,"[""PERFORMANCE""]",Detects if multiple permissive row level security policies are present on a table for the same \`role\` and \`action\` (e.g. insert). Multiple permissive policies are suboptimal for performance as each policy must be executed for every relevant query.,"Table \`public.user_roles\` has multiple permissive policies for role \`anon\` for action \`SELECT\`. Policies include \`{""Global super admins manage all roles"",""Global super admins read all roles"",""Owner admins read group roles"",""Users read own roles""}\`",https://supabase.com/docs/guides/database/database-linter?lint=0006_multiple_permissive_policies,"{""name"":""user_roles"",""type"":""table"",""schema"":""public""}",multiple_permissive_policies_public_user_roles_anon_SELECT
multiple_permissive_policies,Multiple Permissive Policies,WARN,EXTERNAL,"[""PERFORMANCE""]",Detects if multiple permissive row level security policies are present on a table for the same \`role\` and \`action\` (e.g. insert). Multiple permissive policies are suboptimal for performance as each policy must be executed for every relevant query.,"Table \`public.user_roles\` has multiple permissive policies for role \`authenticated\` for action \`SELECT\`. Policies include \`{""Global super admins manage all roles"",""Global super admins read all roles"",""Owner admins read group roles"",""Users read own roles""}\`",https://supabase.com/docs/guides/database/database-linter?lint=0006_multiple_permissive_policies,"{""name"":""user_roles"",""type"":""table"",""schema"":""public""}",multiple_permissive_policies_public_user_roles_authenticated_SELECT
multiple_permissive_policies,Multiple Permissive Policies,WARN,EXTERNAL,"[""PERFORMANCE""]",Detects if multiple permissive row level security policies are present on a table for the same \`role\` and \`action\` (e.g. insert). Multiple permissive policies are suboptimal for performance as each policy must be executed for every relevant query.,"Table \`public.user_roles\` has multiple permissive policies for role \`authenticator\` for action \`SELECT\`. Policies include \`{""Global super admins manage all roles"",""Global super admins read all roles"",""Owner admins read group roles"",""Users read own roles""}\`",https://supabase.com/docs/guides/database/database-linter?lint=0006_multiple_permissive_policies,"{""name"":""user_roles"",""type"":""table"",""schema"":""public""}",multiple_permissive_policies_public_user_roles_authenticator_SELECT
multiple_permissive_policies,Multiple Permissive Policies,WARN,EXTERNAL,"[""PERFORMANCE""]",Detects if multiple permissive row level security policies are present on a table for the same \`role\` and \`action\` (e.g. insert). Multiple permissive policies are suboptimal for performance as each policy must be executed for every relevant query.,"Table \`public.user_roles\` has multiple permissive policies for role \`dashboard_user\` for action \`SELECT\`. Policies include \`{""Global super admins manage all roles"",""Global super admins read all roles"",""Owner admins read group roles"",""Users read own roles""}\`",https://supabase.com/docs/guides/database/database-linter?lint=0006_multiple_permissive_policies,"{""name"":""user_roles"",""type"":""table"",""schema"":""public""}",multiple_permissive_policies_public_user_roles_dashboard_user_SELECT
duplicate_index,Duplicate Index,WARN,EXTERNAL,"[""PERFORMANCE""]",Detects cases where two ore more identical indexes exist.,"Table \`public.documents\` has identical indexes {documents_active_idx,idx_documents_active}. Drop all except one of them",https://supabase.com/docs/guides/database/database-linter?lint=0009_duplicate_index,"{""name"":""documents"",""type"":""table"",""schema"":""public"",""indexes"":[""documents_active_idx"",""idx_documents_active""]}","duplicate_index_public_documents_{documents_active_idx,idx_documents_active}"
duplicate_index,Duplicate Index,WARN,EXTERNAL,"[""PERFORMANCE""]",Detects cases where two ore more identical indexes exist.,"Table \`public.documents\` has identical indexes {documents_owner_id_idx,idx_documents_owner_id}. Drop all except one of them",https://supabase.com/docs/guides/database/database-linter?lint=0009_duplicate_index,"{""name"":""documents"",""type"":""table"",""schema"":""public"",""indexes"":[""documents_owner_id_idx"",""idx_documents_owner_id""]}","duplicate_index_public_documents_{documents_owner_id_idx,idx_documents_owner_id}"
duplicate_index,Duplicate Index,WARN,EXTERNAL,"[""PERFORMANCE""]",Detects cases where two ore more identical indexes exist.,"Table \`public.documents\` has identical indexes {documents_slug_idx,idx_documents_slug}. Drop all except one of them",https://supabase.com/docs/guides/database/database-linter?lint=0009_duplicate_index,"{""name"":""documents"",""type"":""table"",""schema"":""public"",""indexes"":[""documents_slug_idx"",""idx_documents_slug""]}","duplicate_index_public_documents_{documents_slug_idx,idx_documents_slug}"